
{
  "header": {
    "reportVersion": 1,
    "event": "Allocation failed - JavaScript heap out of memory",
    "trigger": "FatalError",
    "filename": "report.20191205.100249.10728.0.001.json",
    "dumpEventTime": "2019-12-05T10:02:49Z",
    "dumpEventTimeStamp": "1575536569187",
    "processId": 10728,
    "cwd": "C:\\Users\\GarciaG2\\dev\\UI_electrical_diagram",
    "commandLine": [
      "C:\\Program Files\\nodejs\\node.exe",
      "C:\\Users\\GarciaG2\\dev\\UI_electrical_diagram\\node_modules\\@ngtools\\webpack\\src\\type_checker_worker.js",
      "9d93e901-158a-4cf9-ba1b-2f0582ffcfeb"
    ],
    "nodejsVersion": "v12.13.1",
    "wordSize": 64,
    "arch": "x64",
    "platform": "win32",
    "componentVersions": {
      "node": "12.13.1",
      "v8": "7.7.299.13-node.16",
      "uv": "1.33.1",
      "zlib": "1.2.11",
      "brotli": "1.0.7",
      "ares": "1.15.0",
      "modules": "72",
      "nghttp2": "1.39.2",
      "napi": "5",
      "llhttp": "1.1.4",
      "http_parser": "2.8.0",
      "openssl": "1.1.1d",
      "cldr": "35.1",
      "icu": "64.2",
      "tz": "2019c",
      "unicode": "12.1"
    },
    "release": {
      "name": "node",
      "lts": "Erbium",
      "headersUrl": "https://nodejs.org/download/release/v12.13.1/node-v12.13.1-headers.tar.gz",
      "sourceUrl": "https://nodejs.org/download/release/v12.13.1/node-v12.13.1.tar.gz",
      "libUrl": "https://nodejs.org/download/release/v12.13.1/win-x64/node.lib"
    },
    "osName": "Windows_NT",
    "osRelease": "10.0.16299",
    "osVersion": "Windows 10 Enterprise",
    "osMachine": "x86_64",
    "cpus": [
      {
        "model": "Intel(R) Core(TM) i7-6920HQ CPU @ 2.90GHz",
        "speed": 2904,
        "user": 1387890,
        "nice": 0,
        "sys": 1976796,
        "idle": 20492234,
        "irq": 905046
      },
      {
        "model": "Intel(R) Core(TM) i7-6920HQ CPU @ 2.90GHz",
        "speed": 2904,
        "user": 800531,
        "nice": 0,
        "sys": 349109,
        "idle": 22706984,
        "irq": 8500
      },
      {
        "model": "Intel(R) Core(TM) i7-6920HQ CPU @ 2.90GHz",
        "speed": 2904,
        "user": 1545671,
        "nice": 0,
        "sys": 527437,
        "idle": 21783515,
        "irq": 7968
      },
      {
        "model": "Intel(R) Core(TM) i7-6920HQ CPU @ 2.90GHz",
        "speed": 2904,
        "user": 999968,
        "nice": 0,
        "sys": 590500,
        "idle": 22266156,
        "irq": 8250
      },
      {
        "model": "Intel(R) Core(TM) i7-6920HQ CPU @ 2.90GHz",
        "speed": 2904,
        "user": 1484078,
        "nice": 0,
        "sys": 593734,
        "idle": 21778812,
        "irq": 8953
      },
      {
        "model": "Intel(R) Core(TM) i7-6920HQ CPU @ 2.90GHz",
        "speed": 2904,
        "user": 1136750,
        "nice": 0,
        "sys": 514375,
        "idle": 22205500,
        "irq": 5953
      },
      {
        "model": "Intel(R) Core(TM) i7-6920HQ CPU @ 2.90GHz",
        "speed": 2904,
        "user": 1674656,
        "nice": 0,
        "sys": 742000,
        "idle": 21439968,
        "irq": 11156
      },
      {
        "model": "Intel(R) Core(TM) i7-6920HQ CPU @ 2.90GHz",
        "speed": 2904,
        "user": 891703,
        "nice": 0,
        "sys": 451218,
        "idle": 22513703,
        "irq": 6546
      }
    ],
    "networkInterfaces": [
      {
        "name": "Ethernet",
        "internal": false,
        "mac": "d4:81:d7:ae:40:6a",
        "address": "fe80::1409:f6a6:256d:71ec",
        "netmask": "ffff:ffff:ffff:ffff::",
        "family": "IPv6",
        "scopeid": 11
      },
      {
        "name": "Ethernet",
        "internal": false,
        "mac": "d4:81:d7:ae:40:6a",
        "address": "10.100.205.136",
        "netmask": "255.255.255.0",
        "family": "IPv4"
      },
      {
        "name": "Loopback Pseudo-Interface 1",
        "internal": true,
        "mac": "00:00:00:00:00:00",
        "address": "::1",
        "netmask": "ffff:ffff:ffff:ffff:ffff:ffff:ffff:ffff",
        "family": "IPv6",
        "scopeid": 0
      },
      {
        "name": "Loopback Pseudo-Interface 1",
        "internal": true,
        "mac": "00:00:00:00:00:00",
        "address": "127.0.0.1",
        "netmask": "255.0.0.0",
        "family": "IPv4"
      },
      {
        "name": "vEthernet (Standardswitch)",
        "internal": false,
        "mac": "f6:15:1e:db:18:a3",
        "address": "fe80::d8b:a019:3361:959",
        "netmask": "ffff:ffff:ffff:ffff::",
        "family": "IPv6",
        "scopeid": 2
      },
      {
        "name": "vEthernet (Standardswitch)",
        "internal": false,
        "mac": "f6:15:1e:db:18:a3",
        "address": "172.21.104.129",
        "netmask": "255.255.255.240",
        "family": "IPv4"
      }
    ],
    "host": "NXFN7580D"
  },
  "javascriptStack": {
    "message": "No stack.",
    "stack": [
      "Unavailable."
    ]
  },
  "nativeStack": [
    {
      "pc": "0x00007ff6679b1729",
      "symbol": "std::basic_ostream<char,std::char_traits<char> >::operator<<+10873"
    },
    {
      "pc": "0x00007ff6679b5b4c",
      "symbol": "std::basic_ostream<char,std::char_traits<char> >::operator<<+28316"
    },
    {
      "pc": "0x00007ff6679b4b08",
      "symbol": "std::basic_ostream<char,std::char_traits<char> >::operator<<+24152"
    },
    {
      "pc": "0x00007ff667aa369b",
      "symbol": "v8::base::CPU::has_sse+37723"
    },
    {
      "pc": "0x00007ff6682a82de",
      "symbol": "v8::Isolate::ReportExternalAllocationLimitReached+94"
    },
    {
      "pc": "0x00007ff668290321",
      "symbol": "v8::SharedArrayBuffer::Externalize+833"
    },
    {
      "pc": "0x00007ff66815dbec",
      "symbol": "v8::internal::Heap::EphemeronKeyWriteBarrierFromCode+1436"
    },
    {
      "pc": "0x00007ff668165cf1",
      "symbol": "v8::internal::Heap::PageFlagsAreConsistent+3761"
    },
    {
      "pc": "0x00007ff66815b353",
      "symbol": "v8::internal::Heap::CollectGarbage+1283"
    },
    {
      "pc": "0x00007ff668159b24",
      "symbol": "v8::internal::Heap::AddRetainedMap+2356"
    },
    {
      "pc": "0x00007ff66817adf5",
      "symbol": "v8::internal::Factory::NewFillerObject+53"
    },
    {
      "pc": "0x00007ff667ee6e19",
      "symbol": "v8::internal::interpreter::JumpTableTargetOffsets::iterator::operator=+4057"
    },
    {
      "pc": "0x00007ff6686d404d",
      "symbol": "v8::internal::SetupIsolateDelegate::SetupHeap+567949"
    },
    {
      "pc": "0x00007ff66868ae52",
      "symbol": "v8::internal::SetupIsolateDelegate::SetupHeap+268434"
    },
    {
      "pc": "0x00007ff66872c9ee",
      "symbol": "v8::internal::SetupIsolateDelegate::SetupHeap+930862"
    },
    {
      "pc": "0x00007ff668653bdc",
      "symbol": "v8::internal::SetupIsolateDelegate::SetupHeap+42524"
    },
    {
      "pc": "0x00007ff668653bdc",
      "symbol": "v8::internal::SetupIsolateDelegate::SetupHeap+42524"
    },
    {
      "pc": "0x00007ff668653bdc",
      "symbol": "v8::internal::SetupIsolateDelegate::SetupHeap+42524"
    },
    {
      "pc": "0x00007ff668653bdc",
      "symbol": "v8::internal::SetupIsolateDelegate::SetupHeap+42524"
    },
    {
      "pc": "0x00007ff668653bdc",
      "symbol": "v8::internal::SetupIsolateDelegate::SetupHeap+42524"
    },
    {
      "pc": "0x00007ff668653bdc",
      "symbol": "v8::internal::SetupIsolateDelegate::SetupHeap+42524"
    },
    {
      "pc": "0x00007ff668653bdc",
      "symbol": "v8::internal::SetupIsolateDelegate::SetupHeap+42524"
    },
    {
      "pc": "0x00007ff668653bdc",
      "symbol": "v8::internal::SetupIsolateDelegate::SetupHeap+42524"
    },
    {
      "pc": "0x00007ff668653bdc",
      "symbol": "v8::internal::SetupIsolateDelegate::SetupHeap+42524"
    },
    {
      "pc": "0x00007ff668653bdc",
      "symbol": "v8::internal::SetupIsolateDelegate::SetupHeap+42524"
    },
    {
      "pc": "0x00007ff668653bdc",
      "symbol": "v8::internal::SetupIsolateDelegate::SetupHeap+42524"
    },
    {
      "pc": "0x00007ff668653bdc",
      "symbol": "v8::internal::SetupIsolateDelegate::SetupHeap+42524"
    },
    {
      "pc": "0x00007ff668653bdc",
      "symbol": "v8::internal::SetupIsolateDelegate::SetupHeap+42524"
    },
    {
      "pc": "0x000003638f5c2891",
      "symbol": ""
    }
  ],
  "javascriptHeap": {
    "totalMemory": 201879552,
    "totalCommittedMemory": 201879552,
    "usedMemory": 192711304,
    "availableMemory": 2005689336,
    "memoryLimit": 2197815296,
    "heapSpaces": {
      "read_only_space": {
        "memorySize": 262144,
        "committedMemory": 262144,
        "capacity": 261872,
        "used": 32296,
        "available": 229576
      },
      "new_space": {
        "memorySize": 1048576,
        "committedMemory": 1048576,
        "capacity": 1047488,
        "used": 1047456,
        "available": 32
      },
      "old_space": {
        "memorySize": 166047744,
        "committedMemory": 166047744,
        "capacity": 165821584,
        "used": 161167376,
        "available": 4654208
      },
      "code_space": {
        "memorySize": 1998848,
        "committedMemory": 1998848,
        "capacity": 1888672,
        "used": 1653152,
        "available": 235520
      },
      "map_space": {
        "memorySize": 4460544,
        "committedMemory": 4460544,
        "capacity": 4452928,
        "used": 866160,
        "available": 3586768
      },
      "large_object_space": {
        "memorySize": 28012544,
        "committedMemory": 28012544,
        "capacity": 27941312,
        "used": 27941312,
        "available": 0
      },
      "code_large_object_space": {
        "memorySize": 49152,
        "committedMemory": 49152,
        "capacity": 3552,
        "used": 3552,
        "available": 0
      },
      "new_large_object_space": {
        "memorySize": 0,
        "committedMemory": 0,
        "capacity": 1047488,
        "used": 0,
        "available": 1047488
      }
    }
  },
  "resourceUsage": {
    "userCpuSeconds": 15.609,
    "kernelCpuSeconds": 2.125,
    "cpuConsumptionPercent": 0.681291,
    "maxRss": 342839296,
    "pageFaults": {
      "IORequired": 251567,
      "IONotRequired": 0
    },
    "fsActivity": {
      "reads": 4242,
      "writes": 6
    }
  },
  "libuv": [
  ],
  "environmentVariables": {
    "ALLUSERSPROFILE": "C:\\ProgramData",
    "APPDATA": "C:\\Users\\GarciaG2\\AppData\\Roaming",
    "ChocolateyInstall": "C:\\ProgramData\\chocolatey",
    "ChocolateyLastPathUpdate": "132197719231978277",
    "COLORTERM": "truecolor",
    "CommonProgramFiles": "C:\\Program Files\\Common Files",
    "CommonProgramFiles(x86)": "C:\\Program Files (x86)\\Common Files",
    "CommonProgramW6432": "C:\\Program Files\\Common Files",
    "COMPUTERNAME": "NXFN7580D",
    "ComSpec": "C:\\WINDOWS\\system32\\cmd.exe",
    "dp0": "C:\\Users\\GarciaG2\\dev\\UI_electrical_diagram\\node_modules\\.bin\\",
    "HOME": "C:\\Users\\GarciaG2",
    "HOMEDRIVE": "C:",
    "HOMEPATH": "\\Users\\GarciaG2",
    "INIT_CWD": "C:\\Users\\GarciaG2\\dev\\UI_electrical_diagram",
    "LANG": "de_DE.UTF-8",
    "LOCALAPPDATA": "C:\\Users\\GarciaG2\\AppData\\Local",
    "LOGONSERVER": "\\\\NXFDC02P",
    "NODE": "C:\\Program Files\\nodejs\\node.exe",
    "NODE_EXE": "C:\\Program Files\\nodejs\\\\node.exe",
    "NODE_TLS_REJECT_UNAUTHORIZED": "0",
    "NPM_CLI_JS": "C:\\Program Files\\nodejs\\node_modules\\npm\\bin\\npm-cli.js",
    "npm_config_access": "",
    "npm_config_allow_same_version": "",
    "npm_config_also": "",
    "npm_config_always_auth": "",
    "npm_config_argv": "{\"remain\":[],\"cooked\":[\"start\"],\"original\":[\"start\"]}",
    "npm_config_audit": "true",
    "npm_config_audit_level": "low",
    "npm_config_auth_type": "legacy",
    "npm_config_before": "",
    "npm_config_bin_links": "true",
    "npm_config_browser": "",
    "npm_config_ca": "",
    "npm_config_cache": "C:\\Users\\GarciaG2\\AppData\\Roaming\\npm-cache",
    "npm_config_cache_lock_retries": "10",
    "npm_config_cache_lock_stale": "60000",
    "npm_config_cache_lock_wait": "10000",
    "npm_config_cache_max": "Infinity",
    "npm_config_cache_min": "10",
    "npm_config_cafile": "",
    "npm_config_cert": "",
    "npm_config_cidr": "",
    "npm_config_color": "true",
    "npm_config_commit_hooks": "true",
    "npm_config_depth": "Infinity",
    "npm_config_description": "true",
    "npm_config_dev": "",
    "npm_config_dry_run": "",
    "npm_config_editor": "notepad.exe",
    "npm_config_engine_strict": "",
    "npm_config_fetch_retries": "2",
    "npm_config_fetch_retry_factor": "10",
    "npm_config_fetch_retry_maxtimeout": "60000",
    "npm_config_fetch_retry_mintimeout": "10000",
    "npm_config_force": "",
    "npm_config_format_package_lock": "true",
    "npm_config_git": "git",
    "npm_config_git_tag_version": "true",
    "npm_config_global": "",
    "npm_config_globalconfig": "C:\\Program Files\\nodejs\\etc\\npmrc",
    "npm_config_globalignorefile": "C:\\Program Files\\nodejs\\etc\\npmignore",
    "npm_config_global_style": "",
    "npm_config_group": "",
    "npm_config_ham_it_up": "",
    "npm_config_heading": "npm",
    "npm_config_https_proxy": "http://10.101.0.32:8080/",
    "npm_config_if_present": "",
    "npm_config_ignore_prepublish": "",
    "npm_config_ignore_scripts": "",
    "npm_config_init_author_email": "",
    "npm_config_init_author_name": "",
    "npm_config_init_author_url": "",
    "npm_config_init_license": "ISC",
    "npm_config_init_module": "C:\\Users\\GarciaG2\\.npm-init.js",
    "npm_config_init_version": "1.0.0",
    "npm_config_json": "",
    "npm_config_key": "",
    "npm_config_legacy_bundling": "",
    "npm_config_link": "",
    "npm_config_local_address": "",
    "npm_config_loglevel": "notice",
    "npm_config_logs_max": "10",
    "npm_config_long": "",
    "npm_config_maxsockets": "50",
    "npm_config_message": "%s",
    "npm_config_metrics_registry": "https://registry.npmjs.org/",
    "npm_config_node_gyp": "C:\\Users\\GarciaG2\\AppData\\Roaming\\nvm\\v12.13.1\\node_modules\\npm\\node_modules\\node-gyp\\bin\\node-gyp.js",
    "npm_config_node_options": "",
    "npm_config_node_version": "12.13.1",
    "npm_config_noproxy": "",
    "npm_config_offline": "",
    "npm_config_onload_script": "",
    "npm_config_only": "",
    "npm_config_optional": "true",
    "npm_config_otp": "",
    "npm_config_package_lock": "true",
    "npm_config_package_lock_only": "",
    "npm_config_parseable": "",
    "npm_config_prefer_offline": "",
    "npm_config_prefer_online": "",
    "npm_config_prefix": "C:\\Program Files\\nodejs",
    "npm_config_preid": "",
    "npm_config_production": "",
    "npm_config_progress": "true",
    "npm_config_proxy": "http://10.101.0.32:8080/",
    "npm_config_read_only": "",
    "npm_config_rebuild_bundle": "true",
    "npm_config_registry": "https://registry.npmjs.org/",
    "npm_config_rollback": "true",
    "npm_config_save": "true",
    "npm_config_save_bundle": "",
    "npm_config_save_dev": "",
    "npm_config_save_exact": "",
    "npm_config_save_optional": "",
    "npm_config_save_prefix": "^",
    "npm_config_save_prod": "",
    "npm_config_scope": "",
    "npm_config_scripts_prepend_node_path": "warn-only",
    "npm_config_script_shell": "",
    "npm_config_searchexclude": "",
    "npm_config_searchlimit": "20",
    "npm_config_searchopts": "",
    "npm_config_searchstaleness": "900",
    "npm_config_send_metrics": "",
    "npm_config_shell": "C:\\WINDOWS\\system32\\cmd.exe",
    "npm_config_shrinkwrap": "true",
    "npm_config_sign_git_commit": "",
    "npm_config_sign_git_tag": "",
    "npm_config_sso_poll_frequency": "500",
    "npm_config_sso_type": "oauth",
    "npm_config_strict_ssl": "true",
    "npm_config_tag": "latest",
    "npm_config_tag_version_prefix": "v",
    "npm_config_timing": "",
    "npm_config_tmp": "C:\\Users\\GarciaG2\\AppData\\Local\\Temp",
    "npm_config_umask": "0000",
    "npm_config_unicode": "",
    "npm_config_unsafe_perm": "true",
    "npm_config_update_notifier": "true",
    "npm_config_usage": "",
    "npm_config_user": "",
    "npm_config_userconfig": "C:\\Users\\GarciaG2\\.npmrc",
    "npm_config_user_agent": "npm/6.12.1 node/v12.13.1 win32 x64",
    "npm_config_version": "",
    "npm_config_versions": "",
    "npm_config_viewer": "browser",
    "npm_execpath": "C:\\Users\\GarciaG2\\AppData\\Roaming\\nvm\\v12.13.1\\node_modules\\npm\\bin\\npm-cli.js",
    "npm_lifecycle_event": "start",
    "npm_lifecycle_script": "cross-env NODE_TLS_REJECT_UNAUTHORIZED=0 c8ycli server -u https://uidev.edge.labor --app.name=\"electrical-diagrams\" --app.contextPath=electrical-diagrams --env.hmr",
    "npm_node_execpath": "C:\\Program Files\\nodejs\\node.exe",
    "npm_package_c8y_application_contextPath": "c8y-starter3",
    "npm_package_c8y_application_key": "c8y-starter3-application-key",
    "npm_package_c8y_application_name": "c8y-starter3",
    "npm_package_dependencies_core_js": "^2.6.2",
    "npm_package_dependencies_minimatch": "^0.3.0",
    "npm_package_dependencies_ng_inline_svg": "^9.1.0",
    "npm_package_dependencies_rxjs": "^6.5.0",
    "npm_package_dependencies_tslib": "^1.10.0",
    "npm_package_dependencies_url_join": "^4.0.1",
    "npm_package_dependencies_url_search_params_polyfill": "^7.0.0",
    "npm_package_dependencies_zip_folder": "^1.0.0",
    "npm_package_dependencies_zone_js": "~0.9.1",
    "npm_package_dependencies__angular_animations": "~8.2.11",
    "npm_package_dependencies__angular_common": "~8.2.11",
    "npm_package_dependencies__angular_compiler": "~8.2.11",
    "npm_package_dependencies__angular_core": "~8.2.11",
    "npm_package_dependencies__angular_forms": "~8.2.11",
    "npm_package_dependencies__angular_platform_browser": "~8.2.11",
    "npm_package_dependencies__angular_platform_browser_dynamic": "~8.2.11",
    "npm_package_dependencies__angular_router": "~8.2.11",
    "npm_package_dependencies__c8y_cli": "^1005.0.7",
    "npm_package_dependencies__c8y_client": "^1005.0.7",
    "npm_package_dependencies__c8y_ngx_components": "^1005.0.7",
    "npm_package_dependencies__c8y_style": "^1005.0.7",
    "npm_package_description": "This project was generated with [Angular CLI](https://github.com/angular/angular-cli) version 8.3.14.",
    "npm_package_devDependencies_codelyzer": "^5.0.0",
    "npm_package_devDependencies_cross_env": "^6.0.3",
    "npm_package_devDependencies_jasmine_core": "~3.4.0",
    "npm_package_devDependencies_jasmine_spec_reporter": "~4.2.1",
    "npm_package_devDependencies_karma": "~4.1.0",
    "npm_package_devDependencies_karma_chrome_launcher": "~2.2.0",
    "npm_package_devDependencies_karma_coverage_istanbul_reporter": "~2.0.1",
    "npm_package_devDependencies_karma_jasmine": "~2.0.1",
    "npm_package_devDependencies_karma_jasmine_html_reporter": "^1.4.0",
    "npm_package_devDependencies_protractor": "~5.4.0",
    "npm_package_devDependencies_tslint": "~5.15.0",
    "npm_package_devDependencies_ts_node": "~7.0.0",
    "npm_package_devDependencies_typescript": "~3.5.3",
    "npm_package_devDependencies_uglifyjs_webpack_plugin": "^2.2.0",
    "npm_package_devDependencies__angular_cli": "~8.3.14",
    "npm_package_devDependencies__angular_compiler_cli": "~8.2.11",
    "npm_package_devDependencies__angular_devkit_build_angular": "~0.803.14",
    "npm_package_devDependencies__angular_language_service": "~8.2.11",
    "npm_package_devDependencies__types_jasmine": "~3.3.8",
    "npm_package_devDependencies__types_jasminewd2": "~2.0.3",
    "npm_package_devDependencies__types_node": "~8.9.4",
    "npm_package_gitHead": "8355ba4a0f4a20f37ac2dec4ee1b7ec86572f9f3",
    "npm_package_main": "src/index.js",
    "npm_package_name": "electrical-diagrams",
    "npm_package_private": "true",
    "npm_package_readmeFilename": "README.md",
    "npm_package_scripts_build": "ng build --base-href /apps/electrical-diagrams/ --deploy-url /apps/electrical-diagrams/",
    "npm_package_scripts_deploy": "npm run build && node ./scripts/deploy.js -u edge/ggarcia -p Nordex19!12 -e http://10.100.164.213 --applicationId 69 -f \"electrica-diagrams\"",
    "npm_package_scripts_e2e": "ng e2e",
    "npm_package_scripts_lint": "ng lint",
    "npm_package_scripts_ng": "ng",
    "npm_package_scripts_start": "cross-env NODE_TLS_REJECT_UNAUTHORIZED=0 c8ycli server -u https://uidev.edge.labor --app.name=\"electrical-diagrams\" --app.contextPath=electrical-diagrams --env.hmr",
    "npm_package_scripts_test": "ng test",
    "npm_package_version": "0.0.0",
    "NPM_PREFIX_NPM_CLI_JS": "C:\\Program Files\\nodejs\\node_modules\\npm\\bin\\npm-cli.js",
    "NUMBER_OF_PROCESSORS": "8",
    "NVM_HOME": "C:\\Users\\GarciaG2\\AppData\\Roaming\\nvm",
    "NVM_SYMLINK": "C:\\Program Files\\nodejs",
    "OneDrive": "C:\\Users\\GarciaG2\\OneDrive",
    "OS": "Windows_NT",
    "Path": "C:\\Users\\GarciaG2\\AppData\\Roaming\\nvm\\v12.13.1\\node_modules\\npm\\node_modules\\npm-lifecycle\\node-gyp-bin;C:\\Users\\GarciaG2\\dev\\UI_electrical_diagram\\node_modules\\.bin;C:\\Program Files (x86)\\Common Files\\Oracle\\Java\\javapath;C:\\WINDOWS\\system32;C:\\WINDOWS;C:\\WINDOWS\\System32\\Wbem;C:\\WINDOWS\\System32\\WindowsPowerShell\\v1.0\\;C:\\Program Files (x86)\\IXOS\\bin;C:\\Program Files (x86)\\NVIDIA Corporation\\PhysX\\Common;C:\\Program Files\\Git\\cmd;C:\\ProgramData\\chocolatey\\bin;C:\\Users\\GarciaG2\\AppData\\Roaming\\nvm;C:\\Program Files\\nodejs;C:\\Users\\GarciaG2\\AppData\\Local\\Microsoft\\WindowsApps;C:\\Users\\GarciaG2\\AppData\\Local\\Programs\\Microsoft VS Code\\bin;C:\\Users\\GarciaG2\\AppData\\Roaming\\npm;C:\\Users\\GarciaG2\\AppData\\Roaming\\nvm;C:\\Program Files\\nodejs",
    "PATHEXT": ".COM;.EXE;.BAT;.CMD;.VBS;.VBE;.JSE;.WSF;.WSH;.MSC;.CPL",
    "PROCESSOR_ARCHITECTURE": "AMD64",
    "PROCESSOR_IDENTIFIER": "Intel64 Family 6 Model 94 Stepping 3, GenuineIntel",
    "PROCESSOR_LEVEL": "6",
    "PROCESSOR_REVISION": "5e03",
    "ProgramData": "C:\\ProgramData",
    "ProgramFiles": "C:\\Program Files",
    "ProgramFiles(x86)": "C:\\Program Files (x86)",
    "ProgramW6432": "C:\\Program Files",
    "PROMPT": "$P$G",
    "PSModulePath": "C:\\Users\\GarciaG2\\Documents\\WindowsPowerShell\\Modules;C:\\Program Files\\WindowsPowerShell\\Modules;C:\\WINDOWS\\system32\\WindowsPowerShell\\v1.0\\Modules;C:\\Program Files (x86)\\Microsoft Azure Information Protection\\Powershell",
    "PUBLIC": "C:\\Users\\Public",
    "SAPLOGON_INI_FILE": "C:\\ProgramData\\SAP\\saplogon.ini",
    "SESSIONNAME": "Console",
    "set __compat_layer": "runasinvoker",
    "SNC_LIB": "C:\\Program Files (x86)\\SAP\\FrontEnd\\SecureLogin\\lib\\sapcrypto.dll",
    "SNC_LIB_64": "C:\\Program Files\\SAP\\FrontEnd\\SecureLogin\\lib\\sapcrypto.dll",
    "SSF_LIBRARY_PATH": "C:\\Program Files\\SAP\\FrontEnd\\SecureLogin\\lib\\sapcrypto.dll",
    "SSF_LIBRARY_PATH_64": "C:\\Program Files\\SAP\\FrontEnd\\SecureLogin\\lib\\sapcrypto.dll",
    "SystemDrive": "C:",
    "SystemRoot": "C:\\WINDOWS",
    "TEMP": "C:\\Users\\GarciaG2\\AppData\\Local\\Temp",
    "TERM_PROGRAM": "vscode",
    "TERM_PROGRAM_VERSION": "1.40.2",
    "TMP": "C:\\Users\\GarciaG2\\AppData\\Local\\Temp",
    "UATDATA": "C:\\WINDOWS\\CCM\\UATData\\D9F8C395-CAB8-491d-B8AC-179A1FE1BE77",
    "USERDNSDOMAIN": "NORDEX-AG.COM",
    "USERDOMAIN": "NORDEXAG",
    "USERDOMAIN_ROAMINGPROFILE": "NORDEXAG",
    "USERNAME": "GarciaG2",
    "USERPROFILE": "C:\\Users\\GarciaG2",
    "windir": "C:\\WINDOWS",
    "_prog": "node"
  },
  "sharedObjects": [
    "C:\\Program Files\\nodejs\\node.exe",
    "C:\\WINDOWS\\SYSTEM32\\ntdll.dll",
    "C:\\WINDOWS\\System32\\KERNEL32.DLL",
    "C:\\WINDOWS\\System32\\KERNELBASE.dll",
    "C:\\WINDOWS\\SYSTEM32\\apphelp.dll",
    "C:\\WINDOWS\\System32\\SYSFER.DLL",
    "C:\\WINDOWS\\System32\\WS2_32.dll",
    "C:\\WINDOWS\\System32\\RPCRT4.dll",
    "C:\\WINDOWS\\System32\\ADVAPI32.dll",
    "C:\\WINDOWS\\SYSTEM32\\dbghelp.dll",
    "C:\\WINDOWS\\System32\\msvcrt.dll",
    "C:\\WINDOWS\\System32\\ucrtbase.dll",
    "C:\\WINDOWS\\System32\\sechost.dll",
    "C:\\WINDOWS\\System32\\USER32.dll",
    "C:\\WINDOWS\\System32\\win32u.dll",
    "C:\\WINDOWS\\System32\\GDI32.dll",
    "C:\\WINDOWS\\System32\\gdi32full.dll",
    "C:\\WINDOWS\\System32\\msvcp_win.dll",
    "C:\\WINDOWS\\System32\\PSAPI.DLL",
    "C:\\WINDOWS\\System32\\CRYPT32.dll",
    "C:\\WINDOWS\\System32\\MSASN1.dll",
    "C:\\WINDOWS\\SYSTEM32\\IPHLPAPI.DLL",
    "C:\\WINDOWS\\SYSTEM32\\USERENV.dll",
    "C:\\WINDOWS\\System32\\profapi.dll",
    "C:\\WINDOWS\\SYSTEM32\\bcrypt.dll",
    "C:\\WINDOWS\\SYSTEM32\\WINMM.dll",
    "C:\\WINDOWS\\SYSTEM32\\winmmbase.dll",
    "C:\\WINDOWS\\System32\\cfgmgr32.dll",
    "C:\\WINDOWS\\System32\\IMM32.DLL",
    "C:\\WINDOWS\\System32\\combase.dll",
    "C:\\WINDOWS\\System32\\bcryptPrimitives.dll",
    "C:\\WINDOWS\\System32\\powrprof.dll",
    "C:\\WINDOWS\\SYSTEM32\\CRYPTBASE.DLL",
    "C:\\WINDOWS\\system32\\uxtheme.dll",
    "C:\\WINDOWS\\system32\\mswsock.dll",
    "C:\\WINDOWS\\System32\\kernel.appcore.dll",
    "C:\\WINDOWS\\System32\\NSI.dll",
    "C:\\WINDOWS\\SYSTEM32\\dhcpcsvc6.DLL",
    "C:\\WINDOWS\\SYSTEM32\\dhcpcsvc.DLL",
    "C:\\WINDOWS\\system32\\napinsp.dll",
    "C:\\WINDOWS\\system32\\pnrpnsp.dll",
    "C:\\WINDOWS\\system32\\NLAapi.dll",
    "C:\\WINDOWS\\SYSTEM32\\DNSAPI.dll",
    "C:\\WINDOWS\\System32\\winrnr.dll",
    "C:\\WINDOWS\\System32\\wshbth.dll"
  ]
}